word,frequency
nucleophilicity,2
synchestra,2
kalayanamitr,2
pridiyathorn,2
organoantimony,2
commutations,2
hummelfjell,2
ysgeifiog,2
wiccen,2
stephanolepis,2
debabis,2
jadida,2
naturels,2
mitsuyo,2
chiangrai,2
grandcamps,2
inishie,2
helicases,2
seatech,2
belorussiya,2
ravidass,2
asthan,2
darst,2
colorimetry,2
qap,2
bising,2
kaeng,2
cotuca,2
cotil,2
varginha,2
idiotest,2
risalah,2
goettge,2
nonthermal,2
myasthenic,2
ulcc,2
inday,2
weling,2
tecusitl,2
calcarenite,2
prenol,2
coudenberg,2
wadl,2
hispanola,2
momoyama,2
greasbrough,2
hlt,2
ledberg,2
elegia,2
d48,2
d44,2
urw,2
mediterranea,2
clangers,2
mtrlg,2
ayupan,2
monopoles,2
115m,2
wenshu,2
solitus,2
zwr,2
zwl,2
tsumba,2
aurelien,2
kkkill,2
flowerz,2
tawlbwrdd,2
yogasutra,2
miscellanea,2
willner,2
inverury,2
burnam,2
beason,2
impex,2
unden,2
francene,2
kepis,2
alltrials,2
westrem,2
denijs,2
getreuer,2
catabasis,2
goldblattkreuze,2
bebeng,2
teigan,2
chibaro,2
fanbooks,2
veschun,2
concentrator,2
rearrests,2
cleobury,2
pka1,2
pka2,2
zwitterions,2
nullomers,2
dalsj,2
goif,2
dusidaphirom,2
satharn,2
sommuthi,2
thevaraj,2
uppabat,2
ratchasathit,2
mahoran,2
phimok,2
upisodes,2
renfe,2
senmon,2
gakko,2
balanitis,2
ulfah,2
cylindropuntia,2
xenosapien,2
cockersdale,2
volksbadeanstalt,2
computability,2
jamat,2
heling,2
blazermania,2
overaged,2
hexameric,2
marid,2
qalb,2
ghalwaa,2
mamonja,2
lusia,2
szubin,2
droseraceae,2
ornatifilum,2
ytss,2
janapadas,2
armelle,2
p332,2
pierroise,2
empiricists,2
nonterminating,2
reyinga,2
lmverja,2
ketils,2
loutsch,2
cattellism,2
hapes,2
r16,2
pietroassa,2
n15x,2
maisu,2
troisvilles,2
acapellas,2
bellyache,2
olimp,2
fundal,2
otilea,2
h91,2
geoid,2
reorganises,2
eckwersheim,2
r6915,2
traigle,2
fvr,2
z9,2
sebokeng,2
kuropalates,2
tisserie,2
stregheria,2
toujours,2
ailleurs,2
spitzenk,2
batton,2
windfarms,2
mudsummer,2
greenmail,2
cticos,2
bevier,2
democratize,2
panglossian,2
jennaration,2
helg,2
03w,2
tegin,2
bulby,2
ghuzee,2
khukri,2
sortation,2
locutus,2
epidermolysis,2
bullosa,2
smoketree,2
tellul,2
angelita,2
hashiba,2
haseeb,2
livearea,2
e1000,2
16d3,2
marineflieger,2
domniile,2
consultancies,2
viharas,2
yermolayev,2
reinvigoration,2
magykal,2
contrectatio,2
susianna,2
sp1900,2
dougald,2
singleplayer,2
spiritum,2
87a,2
satank,2
satanta,2
zimonji,2
inachids,2
pongamia,2
nanorod,2
gnarr,2
westerley,2
discotheques,2
juntobox,2
prescience,2
detritylation,2
3k,2
oldbridge,2
coryna,2
katargamadevio,2
funemployed,2
gdebi,2
openssl,2
nettlebridge,2
diluents,2
thrombectomy,2
skovdahl,2
174tk,2
schoolkids,2
mesoionic,2
vsevolozhsk,2
orgo,2
hercolubus,2
hdg,2
poesies,2
gwg,2
arguidos,2
foreshocks,2
boriqu,2
120mm,2
ambarskelfir,2
gangollim,2
ferko,2
l22,2
nigellissima,2
nutrix,2
trajectus,2
statives,2
jeanz,2
kalbajar,2
premvati,2
astanga,2
hadik,2
entwurf,2
pseudotensor,2
talis,2
metahistory,2
escapements,2
typefounder,2
ashiayana,2
olynthiacs,2
turell,2
saling,2
fv1954,2
prevarication,2
elang,2
miracula,2
devivals,2
schaeffner,2
shaobin,2
efw,2
dehors,2
norv,2
tipsport,2
boroughitis,2
dinang,2
pynchester,2
fitzhervey,2
relativ,2
mismeasure,2
sextape,2
huisken,2
stereoscopy,2
oakford,2
fulro,2
wigorn,2
oldberrow,2
teplice,2
chinar,2
delegatus,2
delegare,2
orac,2
penta,2
pradeshi,2
ellipticity,2
blazars,2
szilagyi,2
icwr,2
judenlager,2
wasmannian,2
atsunaga,2
hisamatsu,2
xylokerkos,2
warling,2
h31,2
luhti,2
uncaged,2
iax,2
metacentrics,2
myxoflagellates,2
ospak,2
twitterbot,2
pepang,2
aldosteronism,2
napoleonico,2
roquelaure,2
technic,2
derbforgaill,2
lophotrochozoans,2
vons,2
59225,2
orphanotrophoi,2
periodisation,2
seniang,2
accreditations,2
squareshorts,2
azelas,2
ditang,2
penenden,2
polydopamine,2
hypocitraturia,2
fysiks,2
blossomland,2
louverval,2
wiggy,2
arsenalisation,2
uzayr,2
accidency,2
rifleringen,2
isang,2
farkit,2
pznz,2
fukme,2
eponyms,2
tribidrag,2
escalations,2
acropoleis,2
gloamin,2
disaggregation,2
peten,2
phebus,2
suproleague,2
umojan,2
urun,2
nuroka,2
talandar,2
slivan,2
polybian,2
bioterror,2
kabaty,2
zbornik,2
dopi,2
pacaya,2
symbolum,2
nicenum,2
resurrexit,2
expecto,2
kwilu,2
narson,2
20plus,2
superconformal,2
c5tbu3h2,2
sitaxentan,2
uxo,2
sugarshock,2
polyak,2
87c,2
hawkwing,2
medfly,2
yaag,2
rayada,2
runcaria,2
storespy,2
sacb,2
catie,2
cyberbullying,2
akkermolen,2
knockalong,2
zuley,2
djws,2
lorrainer,2
lusing,2
pegloticase,2
kainan,2
p45,2
snana,2
montaukett,2
polytsaravo,2
2693,2
negit,2
lagalag,2
pampremis,2
prosopitis,2
miticides,2
huragok,2
jiralhanae,2
masterfile,2
wadaa,2
10932,2
66161,2
8039,2
saluvankuppam,2
m1943,2
submetacentrics,2
andriandrazaka,2
relaunches,2
alakananda,2
korukonda,2
stambham,2
erkwit,2
punctation,2
sredets,2
tsalal,2
mokup,2
sommerin,2
3982,2
solmization,2
wikiscanner,2
crupelandt,2
3812,2
berende,2
rubikcubism,2
dillenius,2
dunglas,2
bastajski,2
codesa,2
fethan,2
bicesse,2
homdong,2
tratsang,2
chupzang,2
nenang,2
jokpo,2
rakhadrak,2
khardo,2
npasar,2
pabongkha,2
bowienet,2
basyang,2
uet,2
realismo,2
vails,2
u2360,2
wojdan,2
p2k,2
04a,2
payard,2
spago,2
bt46c,2
homeworlds,2
molwyn,2
pedroto,2
bareburn,2
wisconsana,2
nabeela,2
internalism,2
nissieux,2
socata,2
hydrography,2
rabatsch,2
greycoat,2
3505,2
rions,2
portrex,2
pyrethrum,2
namestnik,2
gloring,2
caracter,2
400xqlr,2
helgeandsholmen,2
nextwave,2
perenensis,2
bieka,2
girlguiding,2
vxr,2
phallological,2
dindsenchas,2
lactitol,2
wgu,2
tlps,2
siccar,2
illegalism,2
switchoff,2
gdkp,2
vibracula,2
anety,2
vexillationes,2
mokushiroku,2
pantholopinae,2
aepycerotinae,2
antilopinae,2
ldlrap1,2
vertising,2
stripwell,2
zassal,2
herxheimer,2
lundarkvi,2
tregag,2
funktion,2
orgasmus,2
orgonomic,2
coetus,2
internationalis,2
piloe,2
paham,2
tobat,2
kozani,2
villalona,2
tambourwork,2
debarment,2
nandito,2
cledwyn,2
huckaback,2
damienne,2
surp,2
vitrinidae,2
parmacellidae,2
helminthoglyptidae,2
ariophantidae,2
gastrodontidae,2
philomycidae,2
toxoglossans,2
dyslexias,2
gortonites,2
hyperactivation,2
demonocracy,2
ismaily,2
entwisle,2
dharmata,2
sangheili,2
carbonera,2
davilia,2
aniru,2
mcfuzz,2
herpetiform,2
hoatzins,2
cryovex,2
neats,1
sturdivant,1
warmsworth,1
gracchi,1
bater,1
memorialization,1
ibiang,1
dyn,1
chapiteau,1
victorianism,1
enshrinees,1
ab32,1
cys,1
miding,1
instituut,1
emang,1
loleng,1
katring,1
tering,1
pseudohalides,1
hodographs,1
whorfianism,1
unionsexpressen,1
magnetoreception,1
monisms,1
sonores,1
paraswimming,1
tasing,1
aning,1
